"qx","qy","x","y","stems","ba_ha","h_mean","h_max","h_p95","h_sd","cover"
0,0,747586.542548268,4308842.28537664,7,32.4562845780883,22.6935839598997,36.66,34.59,11.3380859009282,0.849624060150376
20,0,747606.56548289,4308842.91303825,5,9.2880205055678,18.2737313432836,32.82,30.989,11.5767491423844,0.793532338308458
40,0,747626.588417512,4308843.54069987,3,4.73897470821569,8.97676691729323,31.76,29.092,11.957356866779,0.423558897243108
60,0,747646.611352135,4308844.16836148,9,21.3589815934099,18.7169326683292,32.68,31.05,11.263068690102,0.793017456359102
80,0,747666.634286757,4308844.79602309,12,18.5802428913098,22.8602,32.77,30.965,9.70041137850765,0.88
100,0,747686.657221379,4308845.4236847,9,32.4487054858115,25.5851005025126,34.3,33.01,8.72665991744899,0.922110552763819
120,0,747706.680156001,4308846.05134632,17,47.8499707709537,23.810174563591,34.75,33.36,10.9665497864849,0.855361596009975
140,0,747726.703090624,4308846.67900793,10,14.8754412147477,19.1715789473684,33.46,30.918,11.7130890262064,0.774436090225564
160,0,747746.726025246,4308847.30666954,9,53.8217064364381,21.2435929648241,32.88,31.1775,9.70200357947117,0.881909547738693
180,0,747766.748959869,4308847.93433115,3,19.88410201732,23.2000746268657,32.94,30.7055,9.47061707466655,0.885572139303483
200,0,747786.771894491,4308848.56199277,10,61.2905288110825,19.2993233082707,32.31,29.086,11.2243926895614,0.769423558897243
220,0,747806.794829113,4308849.18965438,9,26.387709319057,16.242075,28.88,27.383,10.8670874395083,0.73
240,0,747826.817763736,4308849.81731599,2,12.185138345846,17.496075,29.63,28.521,9.91071098989311,0.84
260,0,747846.840698358,4308850.4449776,9,49.0277538567846,20.0051378446115,34.11,32.198,10.7161776879513,0.817042606516291
280,0,747866.86363298,4308851.07263922,7,44.1065667746607,18.7989,34.54,33.04,12.0562685902729,0.7725
300,0,747886.886567603,4308851.70030083,4,2.87809156976995,19.1070175438596,36.18,34.684,13.231912310553,0.736842105263158
320,0,747906.909502225,4308852.32796244,3,6.41644774055405,6.46308270676692,30.06,21.95,7.71325412629199,0.568922305764411
340,0,747926.932436847,4308852.95562405,5,22.0540786029708,20.164975,36.05,34.9015,11.9299686663598,0.88
360,0,747946.95537147,4308853.58328567,5,24.5790355235231,18.8600501253133,30.74,29.202,9.56111429333132,0.867167919799499
380,0,747966.978306092,4308854.21094728,5,37.4882913410676,19.4669674185464,34.56,31.429,10.7564399584313,0.824561403508772
0,20,747585.91760284,4308862.22742486,6,13.1995978835984,20.9133333333333,35.92,32.673,11.7988903390459,0.794486215538847
20,20,747605.940537463,4308862.85508647,9,12.0401145749747,21.452375,31.63,30.652,10.1684223033725,0.8725
40,20,747625.963472085,4308863.48274808,13,39.1756407553106,22.6191979949875,33.51,32.162,11.6861407997832,0.829573934837093
60,20,747645.986406707,4308864.11040969,11,24.5440460353438,13.16575,32.03,30.231,12.2690640747645,0.595
80,20,747666.00934133,4308864.73807131,14,41.0736928618392,20.0378947368421,33.98,32.99,13.0313066630202,0.744360902255639
100,20,747686.032275952,4308865.36573292,12,13.8611976614903,24.1862155388471,35.28,33.252,10.9133439810124,0.862155388471178
120,20,747706.055210574,4308865.99339453,14,44.9815788685018,26.00115,39.79,37.73,12.6654482797815,0.835
140,20,747726.078145197,4308866.62105614,15,45.819166739857,25.3216040100251,39.67,38.213,12.2706433357403,0.844611528822055
160,20,747746.101079819,4308867.24871776,10,37.2094160881992,17.3036842105263,32.34,29.58,10.3894191784166,0.786967418546366
180,20,747766.124014442,4308867.87637937,5,14.203258196604,19.143875,28.14,26.65,8.37087795447388,0.8725
200,20,747786.146949064,4308868.50404098,5,23.8020607554281,19.0961809045226,28.14,27.2345,9.74068995468943,0.814070351758794
220,20,747806.169883686,4308869.13170259,9,26.7556290887006,14.232325,29.2,28.342,11.0749523822927,0.6975
240,20,747826.192818308,4308869.75936421,10,45.1955016932571,19.1628070175439,34.01,31.363,11.7593905014323,0.764411027568922
260,20,747846.215752931,4308870.38702582,4,7.83051786384298,18.3961152882205,34.83,31.462,11.4219748618822,0.761904761904762
280,20,747866.238687553,4308871.01468743,6,29.800971197366,17.423391521197,32.73,28.67,10.4046243309803,0.793017456359102
300,20,747886.261622176,4308871.64234904,5,24.4058355935399,12.565425,34.25,26.98,10.836485470981,0.63
320,20,747906.284556798,4308872.27001066,3,19.3162984150918,15.8649122807017,34.92,32.06,12.4050742345075,0.699248120300752
340,20,747926.30749142,4308872.89767227,7,29.1110774506377,18.344812967581,34.93,31.95,11.9678406793971,0.765586034912718
360,20,747946.330426043,4308873.52533388,9,62.7370555134738,18.75285,31.86,30.229,10.2780495052115,0.835
380,20,747966.353360665,4308874.15299549,10,53.2620906100633,18.6900997506234,30.01,27.79,9.44082244775448,0.820448877805486
0,40,747585.292657413,4308882.16947307,6,37.5648283920906,18.123525,30.36,29.423,11.0096791693903,0.795
20,40,747605.315592036,4308882.79713468,2,3.13770493268098,21.05927680798,30.91,29.37,7.83595365770407,0.937655860349127
40,40,747625.338526658,4308883.4247963,11,13.5859352401736,23.4763909774436,33.28,32.06,10.4269601031404,0.862155388471178
60,40,747645.36146128,4308884.05245791,14,44.509574207254,13.7664837905237,31.34,30.21,12.6483566859637,0.591022443890274
80,40,747665.384395903,4308884.68011952,15,33.1568793747929,23.533675,37.12,35.37,12.3495459210253,0.815
100,40,747685.407330525,4308885.30778113,13,28.1195908091648,21.36664160401,35.59,32.94,12.3610043236307,0.786967418546366
120,40,747705.430265147,4308885.93544275,12,25.7172149069646,24.3986783042394,38.53,35.18,9.92951131721764,0.895261845386534
140,40,747725.45319977,4308886.56310436,12,35.0833628948364,20.7183,37.57,33.9605,11.7637750368576,0.82
160,40,747745.476134392,4308887.19076597,17,31.9563393771776,21.0029,31.52,29.911,9.53214677527384,0.87
180,40,747765.499069014,4308887.81842758,10,39.1216446315771,19.60475,29.39,28.48,10.1994067809952,0.805
200,40,747785.522003637,4308888.4460892,10,7.00850051107713,15.325725,28.88,27.91,11.7714283452601,0.6875
220,40,747805.544938259,4308889.07375081,8,9.01044115966906,15.7466334164589,32.05,28.66,12.2521930644183,0.650872817955112
240,40,747825.567872881,4308889.70141242,10,41.1989638689011,21.17685,33.24,32.0635,11.3052169330029,0.805
260,40,747845.590807504,4308890.32907403,8,47.9671914468408,21.5399497487437,36.98,35.17,13.1153358422267,0.761306532663317
280,40,747865.613742126,4308890.95673565,9,21.5593562998467,15.9831920199501,35.99,33.06,12.3023945955873,0.738154613466334
300,40,747885.636676748,4308891.58439726,5,19.7354457799429,9.9728320802005,28.23,26.854,10.6748591719553,0.531328320802005
320,40,747905.659611371,4308892.21205887,7,24.8839859954163,20.023709273183,34.19,32.508,12.4960498190866,0.754385964912281
340,40,747925.682545993,4308892.83972048,6,20.8325292044846,20.6436159600998,33.8,33.15,13.2528617529251,0.745635910224439
360,40,747945.705480615,4308893.4673821,4,9.5734734680546,20.514,35.61,34.06,12.8992157870081,0.745
380,40,747965.728415238,4308894.09504371,10,33.0535406114439,23.5669077306733,34.56,33.56,11.3963932633954,0.837905236907731
0,60,747584.667711986,4308902.11152129,14,26.4753008492299,23.1077556109726,31.34,29.65,8.2491397096985,0.917705735660848
20,60,747604.690646608,4308902.7391829,6,20.7256168794922,25.4317543859649,32.37,30.577,6.6040889518726,0.959899749373434
40,60,747624.713581231,4308903.36684451,18,40.8161018991989,22.6600753768844,32.5,28.66,7.64286049977292,0.92462311557789
60,60,747644.736515853,4308903.99450612,13,19.8336598202758,20.8915461346633,36.68,35.73,12.8982566691585,0.807980049875312
80,60,747664.759450475,4308904.62216774,13,53.7480753586196,16.189775,34.37,32.908,13.029848832618,0.6825
100,60,747684.782385098,4308905.24982935,12,30.4368099154985,10.1098746867168,29.54,25.88,9.40301121096341,0.664160401002506
120,60,747704.80531972,4308905.87749096,9,42.3334126110664,15.6754114713217,30.36,26.97,10.4746938090222,0.805486284289277
140,60,747724.828254343,4308906.50515257,11,41.0277274343263,21.1104511278195,34.39,31.436,11.1150682864323,0.837092731829574
160,60,747744.851188965,4308907.13281419,18,63.9787700098052,19.705775,33.03,30.75,11.7242233188579,0.765
180,60,747764.874123587,4308907.7604758,16,63.5279907339232,18.2334586466165,31.88,30.51,12.2673192743387,0.726817042606516
200,60,747784.89705821,4308908.38813741,9,48.1581610102709,21.5744611528822,34.23,33.055,11.9240267408477,0.789473684210526
220,60,747804.919992832,4308909.01579902,13,66.6937540159915,20.06635,34.68,32.7725,12.7696595958147,0.74
240,60,747824.942927454,4308909.64346064,5,30.3900787247764,19.8578947368421,36.89,35.404,14.7471313649953,0.671679197994987
260,60,747844.965862076,4308910.27112225,6,64.263535748899,22.3781203007519,35.13,33.875,12.9088174347374,0.769423558897243
280,60,747864.988796699,4308910.89878386,9,46.6069407326987,14.576625,31.51,28.8015,10.1865024143702,0.75
300,60,747885.011731321,4308911.52644547,10,43.8833762515772,14.4273934837093,30.3,28.416,9.83279599649055,0.799498746867168
320,60,747905.034665944,4308912.15410709,7,34.1082910749785,22.8587,36.71,35.0875,11.7912445029063,0.8175
340,60,747925.057600566,4308912.7817687,9,30.9033756944648,14.9904271356784,36.71,34.63,14.5398597649132,0.550251256281407
360,60,747945.080535188,4308913.40943031,7,54.6080470776316,21.0618592964824,37.01,35.246,13.7543029973303,0.728643216080402
380,60,747965.103469811,4308914.03709192,4,39.4775870792288,20.39855,35.05,34.571,14.0623496825383,0.72
0,80,747584.042766559,4308922.0535695,5,1.61625124550152,18.588875,28.8,27.3105,8.29693496472626,0.895
20,80,747604.065701181,4308922.68123112,5,10.0769136907924,22.696992481203,30.95,28.604,6.88789269707913,0.93984962406015
40,80,747624.088635804,4308923.30889273,17,25.6776701094376,21.240626566416,29.92,28.682,7.71171577271828,0.904761904761905
60,80,747644.111570426,4308923.93655434,16,35.0235940946019,18.64835,34.41,29.8515,9.87296829910275,0.8275
80,80,747664.134505048,4308924.56421595,15,35.9613005968362,12.5208291457286,29.91,29.1575,10.6708619273704,0.693467336683417
100,80,747684.15743967,4308925.19187756,11,22.1009865082797,16.2550626566416,31.49,29.461,11.3086341334133,0.721804511278195
120,80,747704.180374293,4308925.81953918,9,49.4269913781936,19.0960401002506,37.1,33.29,11.7962577260798,0.81453634085213
140,80,747724.203308915,4308926.44720079,18,70.5774497592215,21.7270927318296,35.88,33.09,11.9865908149795,0.832080200501253
160,80,747744.226243538,4308927.0748624,11,22.948313316861,20.0334663341646,36.3,34.65,13.1273129468482,0.730673316708229
180,80,747764.24917816,4308927.70252401,5,31.4874763085834,23.2528320802005,36.91,35.678,13.6706268305103,0.774436090225564
200,80,747784.272112782,4308928.33018563,10,46.0420038337669,20.271325,35.59,34.65,14.4665139393798,0.69
220,80,747804.295047405,4308928.95784724,14,57.943495632902,20.0955112219451,35.13,33.58,13.3406283135578,0.72069825436409
240,80,747824.317982027,4308929.58550885,10,54.2584467201493,23.1329323308271,38.68,37.25,14.6197980027475,0.741854636591479
260,80,747844.34091665,4308930.21317047,8,44.3776862206655,20.38345,37.67,35.69,13.1665190600209,0.75
280,80,747864.363851272,4308930.84083208,16,47.3869392837228,21.1293516209476,36.26,33.59,12.4775935411662,0.770573566084788
300,80,747884.386785894,4308931.46849369,9,50.4218748667232,20.67825,32.41,30.6835,11.1689261891215,0.8225
320,80,747904.409720516,4308932.0961553,7,26.052737002368,21.7805735660848,38.18,37.02,15.3026925545866,0.70074812967581
340,80,747924.432655139,4308932.72381691,6,15.5912923707763,22.1501253132832,39.91,39.073,16.6651922098514,0.659147869674185
360,80,747944.455589761,4308933.35147853,5,36.3688633387772,19.65075,39.9,38.377,16.2559401577864,0.6425
380,80,747964.478524384,4308933.97914014,11,68.589469562984,21.211072319202,36.05,35.36,13.9998022342195,0.723192019950125
0,100,747583.417821132,4308941.99561772,11,18.242089712059,20.059825436409,31.07,29.72,9.71000253447193,0.845386533665835
20,100,747603.440755754,4308942.62327933,13,15.0503297507822,22.3158145363409,31.08,28.621,6.7907124185498,0.93483709273183
40,100,747623.463690376,4308943.25094094,9,46.1677657146809,21.129525,30.26,27.5525,7.99186632412804,0.9025
60,100,747643.486624999,4308943.87860256,18,21.7882016897066,22.4851620947631,33.87,31.45,10.1068521081571,0.85286783042394
80,100,747663.509559621,4308944.50626417,22,47.3128762369144,16.327343358396,33.38,29.186,10.5111438093484,0.781954887218045
100,100,747683.532494243,4308945.13392578,15,42.8219891735619,20.0096517412935,32.85,32.04,11.2443884759295,0.835820895522388
120,100,747703.555428866,4308945.76158739,12,47.4724887786709,15.6821052631579,36.8,33.27,12.7378942067778,0.696741854636591
140,100,747723.578363488,4308946.38924901,12,28.9929535668627,13.4103007518797,32.26,29.148,11.8908675911443,0.739348370927318
160,100,747743.60129811,4308947.01691062,10,43.1811910235917,18.1985536159601,37.39,35.44,13.6339366069651,0.72069825436409
180,100,747763.624232733,4308947.64457223,14,43.2501882522462,20.4937688442211,35.87,33.989,12.3794483694274,0.78894472361809
200,100,747783.647167355,4308948.27223384,15,46.5166592138162,20.1755889724311,33.98,33.01,13.2175844725093,0.75187969924812
220,100,747803.670101978,4308948.89989545,13,49.119861426397,19.9474563591022,34.37,32.9,12.8275335319661,0.758104738154613
240,100,747823.6930366,4308949.52755707,5,39.8454675789642,18.7635338345865,37.07,30.855,13.0223878848833,0.701754385964912
260,100,747843.715971222,4308950.15521868,6,23.7595510798342,19.8446268656716,34.07,32.1195,12.5017069751232,0.748756218905473
280,100,747863.738905845,4308950.78288029,14,40.2633779417079,22.7778195488722,35.73,34.452,12.6747232139511,0.796992481203007
300,100,747883.761840467,4308951.4105419,11,21.001821778605,22.7371428571429,38.13,35.42,13.7020974023417,0.756892230576441
320,100,747903.784775089,4308952.03820352,13,51.9416595828054,22.3290049751244,39.82,37.758,15.6826797739654,0.703980099502488
340,100,747923.807709711,4308952.66586513,12,49.6332565708558,23.4260651629073,39.63,38.86,16.2186992026145,0.694235588972431
360,100,747943.830644334,4308953.29352674,13,70.8612533855652,19.9334335839599,39.7,38.322,15.8750719696062,0.711779448621554
380,100,747963.853578956,4308953.92118836,10,59.1773365126453,22.2405,38.17,36.8755,15.0767971659088,0.715
0,120,747582.792875705,4308961.93766593,12,29.2409626719096,18.9852618453865,31.79,30.39,11.9927032604732,0.763092269326683
20,120,747602.815810327,4308962.56532754,11,5.3148286416187,21.8612280701754,30.81,29.69,9.3106201449221,0.867167919799499
40,120,747622.838744949,4308963.19298916,13,29.8820439227827,22.6658897243108,29.77,29.473,8.80930270900964,0.892230576441103
60,120,747642.861679572,4308963.82065077,11,14.2972703567626,19.8253,31.15,29.61,11.2139870328502,0.78
80,120,747662.884614194,4308964.44831238,13,34.8960847027743,20.2783959899749,30.85,29.51,10.6699117153635,0.802005012531328
100,120,747682.907548816,4308965.075974,12,33.1877651575685,17.85855,32.61,30.742,11.5193602273572,0.75
120,120,747702.930483439,4308965.70363561,13,36.9931174339996,22.4372180451128,32.79,32.03,10.7779469395257,0.844611528822055
140,120,747722.953418061,4308966.33129722,10,20.3221578429549,15.1115538847118,30.9,28.843,11.7360715303849,0.719298245614035
160,120,747742.976352683,4308966.95895883,12,21.9877517280719,13.939275,30.11,27.8515,10.3869118156959,0.735
180,120,747762.999287306,4308967.58662045,12,50.8666851165634,19.0044862155388,32.7,31.257,12.51759620486,0.721804511278195
200,120,747783.022221928,4308968.21428206,15,62.0023155316155,18.8892230576441,36.11,35.171,14.045417398474,0.681704260651629
220,120,747803.04515655,4308968.84194367,11,42.7692496868897,19.972275,40.45,38.49,13.7352882909484,0.76
240,120,747823.068091173,4308969.46960528,12,25.7490431675363,22.405,37.8,35.66,12.3151812223387,0.814070351758794
260,120,747843.091025795,4308970.0972669,14,46.3739523675268,14.43555,31.23,28.6285,11.4567618539422,0.67
280,120,747863.113960417,4308970.72492851,6,28.870509993189,19.1726130653266,36.11,33.554,11.9509021910431,0.776381909547739
300,120,747883.13689504,4308971.35259012,13,77.3117481365025,17.95664160401,37.78,35.091,14.2730090973431,0.664160401002506
320,120,747903.159829662,4308971.98025173,8,30.460960909023,19.092,40.2,38.3605,16.9420530604989,0.58
340,120,747923.182764285,4308972.60791335,7,41.3596366981781,27.3700501253133,40.9,39.46,15.9203595038287,0.759398496240602
360,120,747943.205698907,4308973.23557496,12,54.6579198610073,21.695,39.35,37.97,16.1239695790915,0.665
380,120,747963.228633529,4308973.86323657,6,27.9100269442162,21.2188279301746,37.28,36.57,15.8825613763278,0.658354114713217
0,140,747582.167930277,4308981.87971415,16,26.918010158983,21.50935,30.97,30.3025,11.2394912913673,0.8125
20,140,747602.1908649,4308982.50737576,10,51.8052162868692,20.4397989949749,33.73,31.9955,12.4580997075082,0.756281407035176
40,140,747622.213799522,4308983.13503737,7,36.2860038325387,19.8745771144279,30.07,29.26,9.64952287504329,0.835820895522388
60,140,747642.236734145,4308983.76269899,9,24.7027750041664,21.297694235589,31.18,30.32,10.0009152192615,0.852130325814536
80,140,747662.259668767,4308984.3903606,14,18.5861530124893,20.8195989974937,30.69,29.89,10.0621943489069,0.832080200501253
100,140,747682.282603389,4308985.01802221,13,36.8334067174727,17.5280845771144,28.86,27.32,9.5816589165878,0.796019900497512
120,140,747702.305538012,4308985.64568382,10,29.9833406509069,19.1107268170426,32.87,31.198,10.8553630180814,0.804511278195489
140,140,747722.328472634,4308986.27334543,7,31.8802932000067,15.7483709273183,33.14,29.684,11.6363183665796,0.716791979949875
160,140,747742.351407256,4308986.90100705,14,43.4841583651223,7.36995024875622,35.34,28.71,9.37028909389963,0.544776119402985
180,140,747762.374341879,4308987.52866866,23,63.388778909461,13.8531829573935,38.64,34.671,14.1123632545101,0.586466165413534
200,140,747782.397276501,4308988.15633027,18,69.0887275405016,23.3764676616915,39.15,38.553,13.0800307320099,0.805970149253731
220,140,747802.420211123,4308988.78399188,11,19.9877156700262,21.1121553884712,39.8,36.16,14.3303947585401,0.734335839598998
240,140,747822.443145746,4308989.4116535,17,45.4050655582057,27.9904260651629,38.7,37.89,11.4874931802703,0.879699248120301
260,140,747842.466080368,4308990.03931511,17,50.8799779804788,24.021368159204,35.17,34.507,12.5086082426607,0.810945273631841
280,140,747862.48901499,4308990.66697672,9,50.5601442133893,26.6668170426065,38.03,35.65,10.7246127312499,0.887218045112782
300,140,747882.511949613,4308991.29463834,10,36.9932941485863,22.861256281407,37.83,36.5015,13.7752434797574,0.766331658291457
320,140,747902.534884235,4308991.92229995,14,55.6002602124057,18.6921641791045,39.24,38.18,15.6392002857871,0.646766169154229
340,140,747922.557818857,4308992.54996156,12,34.8549298390123,20.9389698492462,39.45,37.3765,15.7067129095257,0.668341708542714
360,140,747942.58075348,4308993.17762317,9,41.6431850701187,22.5427,39.91,37.91,15.6484011597717,0.6875
380,140,747962.603688102,4308993.80528478,9,44.5600360392523,22.7198004987531,39.05,37.79,15.136468708391,0.72568578553616
0,160,747581.54298485,4309001.82176236,16,53.718819277033,22.6188,31.63,31.123,9.67032046028007,0.8775
20,160,747601.565919473,4309002.44942398,11,38.1306292290022,22.6156140350877,31.85,30.23,10.1071552872908,0.852130325814536
40,160,747621.588854095,4309003.07708559,10,28.3810694927138,18.3894029850746,33.06,31.8375,11.4001598029571,0.793532338308458
60,160,747641.611788717,4309003.7047472,9,29.2559245069223,17.2256532663317,28.46,26.963,9.8272927898382,0.791457286432161
80,160,747661.63472334,4309004.33240881,9,29.6337010235164,19.1318844221106,27.36,26.12,8.08436767608478,0.879396984924623
100,160,747681.657657962,4309004.96007043,11,22.0480703070208,18.6241293532338,27.85,26.249,7.60768130418979,0.898009950248756
120,160,747701.680592584,4309005.58773204,15,55.9717731786468,14.6590726817043,29.04,28.012,10.7542054128858,0.696741854636591
140,160,747721.703527207,4309006.21539365,14,59.8943068610567,18.973709273183,34.62,33.77,12.9602802282072,0.729323308270677
160,160,747741.726461829,4309006.84305526,11,30.8457471042255,26.7937562189055,38.07,37.54,12.6304502448173,0.845771144278607
180,160,747761.749396452,4309007.47071688,17,59.6810516247402,19.4726315789474,38.91,37.454,14.3857795271974,0.739348370927318
200,160,747781.772331074,4309008.09837849,21,56.4997570939907,17.2077805486284,38.75,37.14,14.9488045278451,0.658354114713217
220,160,747801.795265696,4309008.7260401,15,58.7998348854083,23.150325,39.57,38.4645,14.7224127008351,0.7525
240,160,747821.818200318,4309009.35370171,18,60.1413342183993,24.9574937343358,38.74,37.476,13.6924063147343,0.799498746867168
260,160,747841.841134941,4309009.98136333,6,18.6151342047187,24.518325,39.87,38.13,13.9965976511757,0.785
280,160,747861.864069563,4309010.60902494,8,30.9442753038237,19.3164912280702,36.59,35.272,14.9332908663763,0.659147869674185
300,160,747881.887004185,4309011.23668655,15,66.6768286855703,20.8945614035088,34.81,33.56,13.0351213723376,0.764411027568922
320,160,747901.909938808,4309011.86434816,11,42.0747024560433,11.905125,37.51,33.08,13.4621517153236,0.5025
340,160,747921.93287343,4309012.49200978,16,60.1903234288412,25.739649122807,39.78,38.633,13.8985582520136,0.799498746867168
360,160,747941.955808053,4309013.11967139,9,42.5610013638649,22.332575,36.11,33.1805,12.7677846132051,0.7725
380,160,747961.978742675,4309013.747333,5,18.4445653585829,25.8803768844221,37.6,35.1675,11.1664427837151,0.864321608040201
0,180,747580.918039423,4309021.76381058,10,10.3197195330067,23.5611278195489,33.07,32.092,9.33339516509088,0.889724310776942
20,180,747600.940974046,4309022.39147219,13,25.2971839691797,26.0044862155388,32.87,31.722,8.37006154850814,0.924812030075188
40,180,747620.963908668,4309023.0191338,11,26.6169081380905,21.998225,33.67,31.05,9.88644947934515,0.86
60,180,747640.98684329,4309023.64679542,14,31.0318668339966,21.1073934837093,29.21,28.56,8.19655796879009,0.902255639097744
80,180,747661.009777912,4309024.27445703,12,33.2583724524579,18.0996240601504,27.37,26.192,8.67825108061026,0.857142857142857
100,180,747681.032712535,4309024.90211864,12,19.6377226134622,17.0486,28.31,26.7805,8.78523605096516,0.855
120,180,747701.055647157,4309025.52978025,14,28.7516399811588,14.8632663316583,30.11,28.6065,11.093582817666,0.703517587939699
140,180,747721.07858178,4309026.15744187,16,38.7826078793925,24.021625,36.08,35.581,11.7127300927212,0.8475
160,180,747741.101516402,4309026.78510348,16,41.7929212299704,27.2113567839196,40.3,39.0235,13.3684781380039,0.829145728643216
180,180,747761.124451024,4309027.41276509,12,22.2837486609023,15.5673618090452,39.77,37.4535,13.3494694967094,0.71105527638191
200,180,747781.147385647,4309028.0404267,17,47.2409337651472,16.1711,37.31,33.1,13.2162193316984,0.7325
220,180,747801.170320269,4309028.66808832,10,16.3553866089916,14.2132080200501,39.03,35.465,13.8696971933605,0.68922305764411
240,180,747821.193254891,4309029.29574993,12,40.5962296833558,22.9261403508772,38.54,37.472,13.9518090590594,0.786967418546366
260,180,747841.216189514,4309029.92341154,14,58.0833750458031,22.1173134328358,38.69,37.429,14.4386775095818,0.763681592039801
280,180,747861.239124136,4309030.55107315,5,20.6254393437508,18.197343358396,35.91,34.541,15.1204032995022,0.606516290726817
300,180,747881.262058758,4309031.17873477,15,56.8185305735596,23.75145,35.66,34.97,11.6944818037888,0.8725
320,180,747901.284993381,4309031.80639638,17,45.7462228854314,16.2440897755611,37.7,35.58,14.5020575689079,0.650872817955112
340,180,747921.307928003,4309032.43405799,13,22.3911322247928,19.0016040100251,38.5,36.924,14.9566401762022,0.654135338345865
360,180,747941.330862626,4309033.0617196,12,55.4249593423354,24.0178304239402,34.3,33.61,11.8428514949387,0.830423940149626
380,180,747961.353797248,4309033.68938122,7,29.0138647929632,19.3482,35.98,34.008,13.5381422284409,0.7125
0,200,747580.293093996,4309041.70585879,15,56.8770427367328,25.626175,37.96,36.254,11.6555708762163,0.855
20,200,747600.316028618,4309042.33352041,14,36.3292400014338,24.998671679198,33.33,32.751,10.6881391308486,0.859649122807018
40,200,747620.338963241,4309042.96118202,12,28.6745727863755,22.4998756218905,32.66,31.408,9.79144561422938,0.865671641791045
60,200,747640.361897863,4309043.58884363,6,13.1404181319864,15.4078446115288,31.13,29.114,11.3380345077269,0.711779448621554
80,200,747660.384832485,4309044.21650524,8,30.5984448575257,14.5206015037594,27.46,25.764,9.12164583575036,0.789473684210526
100,200,747680.407767108,4309044.84416686,15,38.0869807260713,20.9578855721393,29.07,28.3295,8.22468632192776,0.895522388059702
120,200,747700.43070173,4309045.47182847,11,38.5043216751467,17.7841102756892,29.8,28.846,10.0952250590482,0.804511278195489
140,200,747720.453636353,4309046.09949008,16,42.7199070472743,20.5098753117207,37.21,34.83,12.9610784363962,0.750623441396509
160,200,747740.476570975,4309046.72715169,17,27.0163616439944,23.425325,38.6,36.91,14.3642805173572,0.77
180,200,747760.499505597,4309047.35481331,15,28.5952672068264,15.3561654135338,38.03,35.531,13.4307947950537,0.714285714285714
200,200,747780.52244022,4309047.98247492,10,31.0433140122281,9.44256857855362,36.03,31.34,11.2135621742562,0.58354114713217
220,200,747800.545374842,4309048.61013653,11,42.5660475470647,11.4150626566416,33.88,31.824,11.5336305908685,0.636591478696742
240,200,747820.568309464,4309049.23779814,15,42.4731153093807,21.3670603015075,39.01,34.5925,12.9006542567918,0.811557788944724
260,200,747840.591244087,4309049.86545976,19,65.6195649479128,18.2798753117207,38.37,36.71,14.2002554284919,0.70573566084788
280,200,747860.614178709,4309050.49312137,7,26.2266830606065,20.48005,35.3,34.163,13.6473549540049,0.7275
300,200,747880.637113331,4309051.12078298,10,38.3640299282098,22.4142394014963,39.12,37.62,12.9094310867111,0.8428927680798
320,200,747900.660047954,4309051.74844459,10,42.9798542044048,28.60895,40.51,38.7,12.7486236083457,0.865
340,200,747920.682982576,4309052.37610621,16,81.5419026445611,22.0557393483709,39.88,38.421,15.6642446737218,0.681704260651629
360,200,747940.705917198,4309053.00376782,14,14.4790703966351,22.4476309226933,36,35.22,14.2322757183608,0.755610972568579
380,200,747960.728851821,4309053.63142943,10,15.944917893846,22.569125,35.62,34.6705,13.4392561549876,0.77
0,220,747579.668148569,4309061.64790701,7,29.8420278863576,26.5570676691729,37.4,36.51,12.7701079658801,0.832080200501253
20,220,747599.691083191,4309062.27556862,15,37.2812996551042,26.4316541353383,36.53,35.339,11.6858612234334,0.864661654135338
40,220,747619.714017814,4309062.90323023,8,22.0964508338861,25.5494763092269,36.27,34.39,10.3958379640634,0.890274314214464
60,220,747639.736952436,4309063.53089185,5,8.75608996445279,23.7737,35.98,31.97,9.18300019282116,0.8975
80,220,747659.759887058,4309064.15855346,13,42.9072441441987,17.066433915212,31.18,28.43,10.131472178378,0.795511221945137
100,220,747679.782821681,4309064.78621507,9,20.7192944242768,19.3655639097744,32.58,31.991,12.1433939118681,0.75187969924812
120,220,747699.805756303,4309065.41387668,16,42.6569770194321,21.075375,35.02,33.8505,12.7702840903696,0.75
140,220,747719.828690925,4309066.0415383,14,14.866723295134,16.022775,33.6,32.23,13.614252392986,0.625
160,220,747739.851625548,4309066.66919991,13,27.8012492985857,23.3596240601504,38.6,37.801,15.6066968652641,0.719298245614035
180,220,747759.87456017,4309067.29686152,19,36.2348351421934,18.2961152882205,38.24,36.2,12.7289015973933,0.75187969924812
200,220,747779.897494793,4309067.92452313,20,47.9606530071305,16.3974,36.2,33.543,12.0380697809128,0.7425
220,220,747799.920429415,4309068.55218475,13,22.0240174882667,15.5392230576441,32.86,31.04,12.15186958124,0.734335839598998
240,220,747819.943364037,4309069.17984636,10,38.1885523435527,20.13325,38.89,37.531,14.981201786068,0.7325
260,220,747839.966298659,4309069.80750797,12,45.8585348227973,15.4557142857143,39.6,32.07,12.5502720116499,0.659147869674185
280,220,747859.989233282,4309070.43516958,16,67.4038914003814,20.536432160804,35.28,32.505,10.6380753043267,0.846733668341708
300,220,747880.012167904,4309071.0628312,15,53.2299874601344,14.85705,34.23,27.9685,9.87784700484513,0.8625
320,220,747900.035102526,4309071.69049281,12,49.9407792217341,25.5328140703518,39.66,38.3,13.6240406727408,0.826633165829146
340,220,747920.058037149,4309072.31815442,8,12.1188703758094,25.3419047619048,37.04,34.773,10.8181411420725,0.892230576441103
360,220,747940.080971771,4309072.94581603,17,36.4617366715989,21.422525,38.04,36.5035,14.7151232923189,0.7125
380,220,747960.103906394,4309073.57347765,11,39.3023451140207,22.3478696741855,37.46,35.425,13.9177865927476,0.734335839598998
0,240,747579.043203142,4309081.58995522,13,44.1843015578829,29.7771679197995,39.55,38.749,11.4296108758452,0.884711779448622
20,240,747599.066137764,4309082.21761684,18,31.0100327650541,25.5163567839196,39.2,37.4715,14.6730919972252,0.778894472361809
40,240,747619.089072386,4309082.84527845,17,55.7095090969343,27.657475,39.55,38.067,13.0983854014412,0.835
60,240,747639.112007009,4309083.47294006,11,33.9089962910164,27.9771105527638,36.62,36.086,11.1212258508689,0.884422110552764
80,240,747659.134941631,4309084.10060167,16,41.7535138771219,20.798125,34.36,33.1615,12.1845304254451,0.8225
100,240,747679.157876253,4309084.72826329,11,34.4083524433045,22.4073684210526,34.27,33.191,11.7317131874963,0.81203007518797
120,240,747699.180810876,4309085.3559249,16,37.8998988835501,19.1302506265664,34.87,33.001,12.886270553626,0.726817042606516
140,240,747719.203745498,4309085.98358651,20,30.0976357186353,15.5855610972569,34.74,33.19,14.3475044431735,0.571072319201995
160,240,747739.22668012,4309086.61124813,17,42.1321543316958,14.082525,39.2,37.1705,14.4068522882869,0.53
180,240,747759.249614743,4309087.23890974,14,37.7344940303386,22.9865413533835,38.65,36.923,12.681772186751,0.822055137844611
200,240,747779.272549365,4309087.86657135,15,37.044305759299,7.61044887780549,33.85,28.82,9.75579854742834,0.516209476309227
220,240,747799.295483988,4309088.49423296,16,52.8498743840042,10.9237,29.04,25.1675,10.3589579753873,0.62
240,240,747819.31841861,4309089.12189457,17,52.0799092945175,22.2447132169576,40.43,38.28,13.8730515381458,0.830423940149626
260,240,747839.341353232,4309089.74955619,8,39.3781360367886,27.2663408521303,41.44,40.133,13.1990608255852,0.854636591478697
280,240,747859.364287855,4309090.3772178,10,42.2486092443736,14.471725,32.97,27.31,11.2942563429482,0.655
300,240,747879.387222477,4309091.00487941,10,29.5825716030793,26.0938154613466,36.7,34.02,9.4373842856938,0.917705735660848
320,240,747899.410157099,4309091.63254103,5,2.12754544987326,23.7308771929825,39.81,37.715,13.6373207253215,0.786967418546366
340,240,747919.433091722,4309092.26020264,10,26.481093160685,30.5270426065163,40.51,39.59,11.3976949655766,0.899749373433584
360,240,747939.456026344,4309092.88786425,9,21.39781953259,21.6499501246883,37.9,36.64,15.2021478251432,0.698254364089776
380,240,747959.478960966,4309093.51552586,10,33.1530309237922,20.5591729323308,35.97,35.22,14.0111215540972,0.709273182957393
0,260,747578.418257715,4309101.53200344,11,43.4993361846299,30.167025,39.85,39.14,12.6153777902746,0.865
20,260,747598.441192337,4309102.15966505,11,24.3017899718438,27.332319201995,39.63,38.42,12.8508953329274,0.837905236907731
40,260,747618.464126959,4309102.78732666,20,39.72153174878,28.1514035087719,40.23,39.3,13.4679733839372,0.844611528822055
60,260,747638.487061582,4309103.41498828,7,15.2059956667676,25.760425,39.09,38.1615,14.9055261175672,0.77
80,260,747658.509996204,4309104.04264989,17,43.9718513546839,23.0375810473815,37.12,36.02,13.1802116403357,0.807980049875312
100,260,747678.532930826,4309104.6703115,13,24.9988701117672,18.8821105527638,34.41,31.9975,12.7466988888125,0.733668341708543
120,260,747698.555865449,4309105.29797311,12,27.3615637717617,15.8656390977444,31.55,30.221,11.9062034854634,0.68671679197995
140,260,747718.578800071,4309105.92563473,12,13.8628469976334,17.1277556109726,35.18,34.01,13.4103911743888,0.695760598503741
160,260,747738.601734693,4309106.55329634,15,47.3749226918228,22.073743718593,34.47,32.6545,11.6100137358553,0.809045226130653
180,260,747758.624669316,4309107.18095795,14,42.9462980678736,15.9722942643392,29.28,28.05,10.3384547792788,0.758104738154613
200,260,747778.647603938,4309107.80861956,15,41.376483488783,10.92915,33.11,28.42,10.0585791647994,0.655
220,260,747798.67053856,4309108.43628118,13,16.8067745684502,16.40715,34.41,30.89,11.3786526098453,0.7725
240,260,747818.693473183,4309109.06394279,15,38.1658543366305,15.1249625935162,32.37,30.64,12.0967579979554,0.750623441396509
260,260,747838.716407805,4309109.6916044,13,30.0941406968082,25.8384461152882,38.11,36.8,11.7881857257596,0.87218045112782
280,260,747858.739342427,4309110.31926601,12,38.0032376468991,22.711025,38.78,36.7015,11.7286370913002,0.8425
300,260,747878.76227705,4309110.94692763,12,22.7958871682997,16.5725436408978,35.66,33.38,11.3343521876513,0.830423940149626
320,260,747898.785211672,4309111.57458924,13,38.5367978892032,24.5225313283208,38.8,37.22,12.3197405979346,0.834586466165414
340,260,747918.808146295,4309112.20225085,9,42.0540464843459,18.148325,36.2,34.3435,13.7913090916173,0.6725
360,260,747938.831080917,4309112.82991247,10,27.0222324952658,20.222075,38.49,35.4885,14.078927620801,0.7175
380,260,747958.854015539,4309113.45757408,19,59.5050438963229,22.2178696741855,38.2,36.516,14.7423980315845,0.714285714285714
0,280,747577.793312287,4309121.47405165,18,39.4511780659846,23.77085,39.56,38.7075,16.2475685253198,0.6925
20,280,747597.81624691,4309122.10171327,18,57.076376790603,29.945825,39.96,38.7905,11.8417965564176,0.8875
40,280,747617.839181532,4309122.72937488,22,29.3601664781592,28.3842355889724,39.96,38.62,13.1597834655032,0.857142857142857
60,280,747637.862116154,4309123.35703649,21,57.0401895702245,29.1222305764411,40.22,39.11,13.7670298299474,0.842105263157895
80,280,747657.885050777,4309123.9846981,10,9.26761978827355,26.8751,39.64,38.742,12.947521626964,0.89
100,280,747677.907985399,4309124.61235972,14,36.9542402249114,23.2485714285714,34.01,32.406,10.8934714307861,0.844611528822055
120,280,747697.930920021,4309125.24002133,14,29.3660176944765,14.8163909774436,30.67,29.051,10.9734813744269,0.741854636591479
140,280,747717.953854644,4309125.86768294,17,41.0287680868928,14.75525,32.48,29.7795,12.3762077079603,0.6325
160,280,747737.976789266,4309126.49534456,6,20.1845560847277,15.3834335839599,32.09,29.28,10.6881376498474,0.764411027568922
180,280,747757.999723888,4309127.12300617,11,40.402550496262,14.696375,28.47,25.68,9.93465845946102,0.74
200,280,747778.022658511,4309127.75066778,12,47.3113447104958,9.60620603015075,31.44,27.188,9.63787987011117,0.706030150753769
220,280,747798.045593133,4309128.37832939,8,25.7577218172419,21.7477889447236,34.41,32.3245,10.1694020805427,0.871859296482412
240,280,747818.068527755,4309129.00599101,13,42.1232007926331,23.898625,38.68,37.367,12.276717306713,0.8275
260,280,747838.091462378,4309129.63365262,7,20.2740325704927,20.1219298245614,38.16,35.73,11.4057379782824,0.842105263157895
280,280,747858.114397,4309130.26131423,12,15.5989303679153,23.6582957393484,37.35,34.177,10.3815660751943,0.869674185463659
300,280,747878.137331623,4309130.88897584,6,10.8065682195427,18.7806,37.64,35.9915,14.6400627297778,0.65
320,280,747898.160266245,4309131.51663746,12,37.9143502097566,18.9610275689223,36.88,35.05,15.1029521955759,0.629072681704261
340,280,747918.183200867,4309132.14429907,15,13.0952184676828,17.4966583541147,34.22,31.16,12.6407919572108,0.72069825436409
360,280,747938.20613549,4309132.77196068,14,58.0067594549636,18.7727568922306,38.45,35.551,13.8820305712982,0.699248120300752
380,280,747958.229070112,4309133.39962229,15,29.6984963719967,20.8975689223058,38.53,36.735,15.6080856141079,0.669172932330827
0,300,747577.16836686,4309141.41609987,18,49.7744515256806,29.4187468671679,40.44,39.48,13.8945997583886,0.829573934837093
20,300,747597.191301483,4309142.04376148,13,31.2655424225614,28.6400498753117,39.78,38.24,13.4959306643709,0.837905236907731
40,300,747617.214236105,4309142.6714231,19,33.8641500558864,28.5228822055138,39.85,39.285,13.93642245405,0.824561403508772
60,300,747637.237170727,4309143.29908471,10,7.84911216536142,28.499025,40.19,39.69,13.8269893101438,0.8575
80,300,747657.26010535,4309143.92674632,6,9.45256142079957,25.3424438902743,38.88,37.69,14.300335625868,0.798004987531172
100,300,747677.283039972,4309144.55440793,13,21.657904134399,26.557619047619,38.43,37.255,11.7400809451311,0.882205513784461
120,300,747697.305974594,4309145.18206955,12,30.5687764419034,21.3745137157107,35.17,33.81,11.6698973999533,0.798004987531172
140,300,747717.328909217,4309145.80973116,8,12.6336399670542,17.8717,34.54,31.8505,12.7152945462736,0.6925
160,300,747737.351843839,4309146.43739277,8,12.5032442369761,19.9499248120301,35.49,33.306,13.0081211295469,0.756892230576441
180,300,747757.374778461,4309147.06505438,16,36.4018500616399,16.6772139303483,29.11,27.186,11.0117523570987,0.723880597014925
200,300,747777.397713084,4309147.692716,10,19.995294762303,22.5143107769424,36.69,34.636,11.6792559076527,0.862155388471178
220,300,747797.420647706,4309148.32037761,14,33.3552709508671,23.2730827067669,38.23,37.44,13.9932977952522,0.774436090225564
240,300,747817.443582328,4309148.94803922,11,32.262507216224,25.2331343283582,37.54,36.999,14.0958406035633,0.796019900497512
260,300,747837.466516951,4309149.57570083,8,12.5574367102505,19.8459296482412,36.32,33.682,13.698035068969,0.726130653266332
280,300,747857.489451573,4309150.20336245,21,31.2083261663579,16.3805,34.48,31.864,12.4297232188913,0.7075
300,300,747877.512386195,4309150.83102406,13,42.3691285925469,23.56675,35.96,35.01,13.2797206064723,0.7775
320,300,747897.535320818,4309151.45868567,14,31.6023604249344,21.1161403508772,38.81,36.955,15.200299112382,0.681704260651629
340,300,747917.55825544,4309152.08634728,11,33.7511116252194,25.2704228855721,39.64,38.6495,14.6981927424951,0.761194029850746
360,300,747937.581190062,4309152.7140089,9,19.0678573410551,25.176992481203,39.28,37.44,13.0490660624797,0.81453634085213
380,300,747957.604124685,4309153.34167051,16,47.7770858213905,23.7603007518797,37.84,36.481,14.3965685787966,0.754385964912281
0,320,747576.543421433,4309161.35814809,12,46.5746019633208,29.0193467336683,39.73,38.93,13.610201133232,0.839195979899497
20,320,747596.566356055,4309161.9858097,17,62.8903456000149,26.4032089552239,40.17,38.598,14.5670388497113,0.786069651741294
40,320,747616.589290678,4309162.61347131,17,30.6545615563005,30.5876884422111,39.48,38.7575,12.2424170405964,0.894472361809045
60,320,747636.6122253,4309163.24113292,13,44.3622335118006,28.735225,40.28,39.12,14.142276847646,0.8625
80,320,747656.635159922,4309163.86879454,11,19.618735612862,30.6942144638404,39.89,39.38,12.8377015833789,0.887780548628429
100,320,747676.658094545,4309164.49645615,14,37.8606682452884,26.8584962406015,39.54,38.151,14.0233640378853,0.832080200501253
120,320,747696.681029167,4309165.12411776,16,18.2639630509096,28.1683084577114,37.09,35.729,10.5971987840752,0.912935323383085
140,320,747716.70396379,4309165.75177937,17,25.586917351657,17.8778947368421,37.26,33.57,13.3519804331185,0.68671679197995
160,320,747736.726898412,4309166.37944099,15,52.9303187908901,24.3361654135338,37.36,35.285,13.5341677270168,0.786967418546366
180,320,747756.749833034,4309167.0071026,9,20.0635262277481,26.3832587064677,37.86,36.419,10.3792968485375,0.907960199004975
200,320,747776.772767657,4309167.63476421,9,37.1861879375167,19.6945363408521,37.53,36.68,15.2327901152921,0.661654135338346
220,320,747796.795702279,4309168.26242582,12,28.7290990538693,23.6878195488722,38.38,37.27,14.7370608439782,0.75187969924812
240,320,747816.818636901,4309168.89008744,8,20.8465878316095,25.5111970074813,37.8,37.42,14.0683555742521,0.795511221945137
260,320,747836.841571524,4309169.51774905,13,33.1889628897677,20.2116290726817,37.32,36.54,14.6920988612075,0.744360902255639
280,320,747856.864506146,4309170.14541066,16,35.434416238921,12.4308,35.41,31.712,11.2125733157426,0.6725
300,320,747876.887440768,4309170.77307227,14,22.2424956223698,20.1320802005013,36.47,35.072,14.9626701468421,0.674185463659148
320,320,747896.910375391,4309171.40073389,11,29.7661780587275,15.5093718592965,37.65,36.066,16.3816423444561,0.49748743718593
340,320,747916.933310013,4309172.0283955,15,19.7226241549254,22.2632,40.89,39.1605,15.7821172318799,0.7075
360,320,747936.956244635,4309172.65605711,9,24.8456978349507,19.0390201005025,36.59,33.681,14.1934736943051,0.653266331658292
380,320,747956.979179258,4309173.28371872,12,46.5936675037373,23.1145614035088,40.48,39.058,15.5164131043142,0.716791979949875
0,340,747575.918476006,4309181.3001963,10,10.5611116585269,29.1568922305764,40.07,39.2,12.1804374778443,0.87719298245614
20,340,747595.941410628,4309181.92785791,16,47.5849970655775,22.44155,38.22,36.112,13.1309816004737,0.7775
40,340,747615.964345251,4309182.55551953,11,27.8142280032358,28.0528571428571,38.64,37.874,13.1142271838753,0.852130325814536
60,340,747635.987279873,4309183.18318114,13,31.8064265027391,29.197619047619,38.64,37.106,12.0533523390084,0.894736842105263
80,340,747656.010214495,4309183.81084275,13,28.2670885842508,28.5554887218045,39.43,38.833,14.3792685145775,0.817042606516291
100,340,747676.033149118,4309184.43850436,14,13.533549182675,26.2711809045226,39.84,38.6885,14.8245453199079,0.819095477386935
120,340,747696.05608374,4309185.06616598,16,29.5843780188551,29.1658,38.34,37.9605,12.4530399046646,0.88
140,340,747716.079018362,4309185.69382759,8,17.2741453805339,26.7104271356784,36.17,35.6315,12.0622140641525,0.85678391959799
160,340,747736.101952985,4309186.3214892,13,26.1205954036856,19.8570676691729,35.54,34.303,14.417778621369,0.68671679197995
180,340,747756.124887607,4309186.94915081,10,15.0356231701726,20.866175,37.06,36.0715,15.0794628425027,0.685
200,340,747776.14782223,4309187.57681243,16,29.318501105591,24.3664912280702,38.03,37.266,15.4107377633699,0.731829573934837
220,340,747796.170756852,4309188.20447404,10,31.3101334032883,24.4261152882206,39.8,38.805,16.4370886752286,0.716791979949875
240,340,747816.193691474,4309188.83213565,8,27.5897415731828,24.6653366583541,38.57,37.57,15.1229562073319,0.748129675810474
260,340,747836.216626096,4309189.45979726,12,16.9771470650452,23.6495739348371,37.47,36.676,13.6812794396008,0.804511278195489
280,340,747856.239560719,4309190.08745888,12,40.0520076609836,24.4798753117207,39.17,37.47,13.9336078326618,0.773067331670823
300,340,747876.262495341,4309190.71512049,17,49.5447225628869,22.384025,40.73,39.3,16.622967640657,0.66
320,340,747896.285429964,4309191.3427821,9,14.9473051466985,21.1207268170426,40.25,38.162,16.3054213391835,0.651629072681704
340,340,747916.308364586,4309191.97044371,17,37.3458201142273,17.9935820895522,38.36,35.1285,15.2021169481495,0.59452736318408
360,340,747936.331299208,4309192.59810533,13,19.4348739028107,26.606992481203,39.81,38.921,14.2919993599907,0.799498746867168
380,340,747956.35423383,4309193.22576694,13,28.3806178887699,26.9607788944724,41.55,40.369,15.8410885291946,0.781407035175879
0,360,747575.293530579,4309201.24224452,12,36.4089775499727,25.4058897243108,36.86,36.26,12.754703562321,0.824561403508772
20,360,747595.316465201,4309201.86990613,11,26.4715505729997,26.7162189054726,36.39,35.81,12.4330040279469,0.838308457711443
40,360,747615.339399823,4309202.49756774,10,8.20387651576805,22.8626065162907,38.35,36.91,14.5173703172336,0.754385964912281
60,360,747635.362334446,4309203.12522935,10,15.4118092554859,28.5220448877805,39.67,38.2,13.0268130526227,0.840399002493766
80,360,747655.385269068,4309203.75289097,12,61.9933227226446,26.8143,39.81,37.141,13.6428077027802,0.825
100,360,747675.40820369,4309204.38055258,15,36.8235892404302,28.0890476190476,40.15,38.163,13.5113520703549,0.864661654135338
120,360,747695.431138313,4309205.00821419,17,43.5836486774706,29.0750374064838,38.32,37.49,12.3131433663828,0.875311720698254
140,360,747715.454072935,4309205.6358758,20,24.2821550177589,23.952,37.03,36.2405,13.2706104325737,0.795
160,360,747735.477007558,4309206.26353742,20,36.8409072699331,26.234824120603,37.24,35.1715,11.7925441092448,0.85678391959799
180,360,747755.49994218,4309206.89119903,19,34.995889174388,20.8964925373134,40.02,36.7795,15.4894429782595,0.691542288557214
200,360,747775.522876802,4309207.51886064,10,36.5001819116972,22.1936934673367,37.87,37.48,16.2784368250614,0.685929648241206
220,360,747795.545811425,4309208.14652225,12,21.2903181589749,25.1340399002494,40.49,39.65,16.7715224901738,0.703241895261845
240,360,747815.568746047,4309208.77418387,12,31.0297069890472,25.29425,40.24,38.8435,15.6778105549529,0.735
260,360,747835.591680669,4309209.40184548,11,38.3956225693325,19.6025563909774,37.11,36.06,14.626935605493,0.676691729323308
280,360,747855.614615292,4309210.02950709,12,25.7870171687366,24.7916458852868,39.47,38.99,15.2690869171765,0.748129675810474
300,360,747875.637549914,4309210.6571687,12,27.7763129068978,20.02525,40.18,39.092,17.7438738890067,0.57
320,360,747895.660484536,4309211.28483032,12,39.5830856875272,21.0229573934837,39.92,39.1,17.9645182891861,0.581453634085213
340,360,747915.683419159,4309211.91249193,13,35.1369663194883,22.8709975062344,40.21,39.55,16.7620082926389,0.665835411471322
360,360,747935.706353781,4309212.54015354,11,37.2483914720578,21.400525,39.36,38.6715,16.4342662367758,0.665
380,360,747955.729288404,4309213.16781515,13,22.2199743300344,18.7622194513716,39.25,36.87,15.3779570916205,0.708229426433915
0,380,747574.668585152,4309221.18429273,12,25.2491372365338,27.4658,37.94,36.913,13.2228317526503,0.825
20,380,747594.691519774,4309221.81195434,12,21.0645750918604,22.1701995012469,37.41,36.19,14.2139658069133,0.750623441396509
40,380,747614.714454396,4309222.43961596,16,32.3278916133269,22.6382205513784,37.74,35.69,12.5365535321235,0.827067669172932
60,380,747634.737389019,4309223.06727757,10,29.4509192359398,19.9228428927681,39.56,37.59,14.7638704071038,0.693266832917706
80,380,747654.760323641,4309223.69493918,11,18.201406087195,21.73465,37.5,35.342,13.4642793130955,0.78
100,380,747674.783258263,4309224.32260079,12,42.073936692834,28.4515288220551,38.64,38.121,13.4371955982741,0.837092731829574
120,380,747694.806192886,4309224.95026241,13,31.4367984920902,29.238578553616,40.02,38.34,13.7523226301756,0.825436408977556
140,380,747714.829127508,4309225.57792402,14,54.961358441436,29.0680952380952,38.38,37.661,12.814909888807,0.852130325814536
160,380,747734.85206213,4309226.20558563,16,9.13783274177212,29.9098997493734,38.89,37.81,11.0174186887305,0.897243107769424
180,380,747754.874996753,4309226.83324724,16,30.5657330240202,30.73205,39.93,39.2545,12.5823645250048,0.875
200,380,747774.897931375,4309227.46090886,16,39.3189170152684,19.4602005012531,39.29,38.222,17.1683978835926,0.581453634085213
220,380,747794.920865997,4309228.08857047,14,43.4707280565282,24.480025,39.48,39.08,16.847331872657,0.7175
240,380,747814.94380062,4309228.71623208,17,30.4465292177705,26.9683668341709,40.28,39.5615,15.6150959251534,0.763819095477387
260,380,747834.966735242,4309229.34389369,9,15.6341947454519,17.3374874371859,37.45,36.3535,14.2297994597102,0.64321608040201
280,380,747854.989669864,4309229.97155531,12,40.9837844070842,24.63375,39.11,38.15,14.4440152269787,0.77
300,380,747875.012604487,4309230.59921692,8,14.99340801889,22.5235087719298,39.59,38.304,15.8250793489734,0.691729323308271
320,380,747895.035539109,4309231.22687853,14,20.8239487295495,24.719022556391,42.41,40.51,17.2232185313864,0.699248120300752
340,380,747915.058473732,4309231.85454014,15,25.7595675029258,23.254325,41.45,40.211,17.6224782989757,0.6475
360,380,747935.081408354,4309232.48220176,11,36.0948575545219,18.9888721804511,39.18,37.342,15.4597092804614,0.74937343358396
380,380,747955.104342976,4309233.10986337,10,18.9666784226554,13.5808,35.33,31.3,9.50334558475372,0.8925
0,400,747574.043639725,4309241.12634095,14,15.7191944616855,17.30385,35.44,34.471,14.7876549535436,0.6475
20,400,747594.066574347,4309241.75400256,15,62.7267275276251,27.4685175879397,38.24,37.2915,10.6276845386633,0.9321608040201
40,400,747614.089508969,4309242.38166417,9,25.1751134596336,22.9039097744361,36.21,35.165,12.8077914513465,0.802005012531328
60,400,747634.112443592,4309243.00932578,10,34.003695674568,26.139375,38.27,36.103,12.667255276894,0.845
80,400,747654.135378214,4309243.6369874,12,40.3313934226581,23.320701754386,38.27,36.021,13.569662846127,0.781954887218045
100,400,747674.158312836,4309244.26464901,21,56.011808850026,30.8142606516291,39.25,38.44,11.9274718535116,0.887218045112782
120,400,747694.181247459,4309244.89231062,13,37.941034112358,27.70085,40.78,39.552,15.1869928279231,0.81
140,400,747714.204182081,4309245.51997223,13,13.3306808370694,31.2769,42.45,41.592,14.4339887580901,0.845
160,400,747734.227116703,4309246.14763385,22,47.8876306128886,33.4597506234414,41.69,41.32,12.9652952314113,0.877805486284289
180,400,747754.250051326,4309246.77529546,19,18.6221046134189,34.5234837092732,42.59,42.01,11.788905935663,0.907268170426065
200,400,747774.272985948,4309247.40295707,19,37.7942235606649,29.24295,40.76,40.14,14.6139878335277,0.8125
220,400,747794.29592057,4309248.03061868,16,30.3931614125677,28.0147381546135,41.62,40.51,16.059346437317,0.773067331670823
240,400,747814.318855193,4309248.6582803,19,38.1256026807564,25.36735,40.88,39.69,17.3017628718487,0.6875
260,400,747834.341789815,4309249.28594191,10,20.4241025245639,30.4974436090226,40.49,39.172,11.542561179135,0.889724310776942
280,400,747854.364724437,4309249.91360352,9,27.3723826314625,20.5564837905237,37.49,36.43,15.5755044173652,0.665835411471322
300,400,747874.38765906,4309250.54126513,9,24.644655540075,11.7545614035088,33.48,31.16,11.6472984227397,0.68671679197995
320,400,747894.410593682,4309251.16892675,9,29.6290671743524,21.66295,41.41,39.15,16.1738320414416,0.7125
340,400,747914.433528305,4309251.79658836,15,37.103505145865,25.1873684210526,40.65,38.491,15.0426629920225,0.771929824561403
360,400,747934.456462927,4309252.42424997,12,35.6310799390357,16.551675,34.37,32.97,11.9038686428421,0.88
380,400,747954.479397549,4309253.05191158,15,32.2793932767371,12.1171321695761,32.04,28.41,9.38498897202269,0.952618453865337
0,420,747573.418694297,4309261.06838916,16,25.6088495953699,13.4583042394015,31.02,28.86,10.9792480897923,0.763092269326683
20,420,747593.44162892,4309261.69605077,13,14.5662299578181,16.369925,33.95,31.3745,10.5899049789426,0.8225
40,420,747613.464563542,4309262.32371239,14,27.3212532110253,27.0067587939698,35.89,34.7045,10.249702891663,0.891959798994975
60,420,747633.487498165,4309262.951374,15,41.4423587597379,31.0190024937656,39.47,38.53,11.2760022172086,0.895261845386534
80,420,747653.510432787,4309263.57903561,11,40.0226534046266,28.6989974937343,39.38,37.79,13.081245042303,0.847117794486215
100,420,747673.533367409,4309264.20669722,13,35.3053556857207,25.9548370927318,39.63,38.993,15.3104656921197,0.759398496240602
120,420,747693.556302032,4309264.83435884,16,55.7645851431425,30.347525,40.42,39.561,12.9542272302212,0.8575
140,420,747713.579236654,4309265.46202045,14,43.298922208285,31.148775,41.1,40.461,14.0108161672887,0.845
160,420,747733.602171276,4309266.08968206,19,31.0852150042454,29.8674812967581,41.1,40.19,15.3123958246342,0.798004987531172
180,420,747753.625105899,4309266.71734367,12,46.92995536235,33.3434586466165,42.95,42.054,13.1662149705572,0.87719298245614
200,420,747773.648040521,4309267.34500529,17,26.179637710619,29.77015,43.01,42.001,16.4324653436627,0.78
220,420,747793.670975143,4309267.9726669,24,52.2036291402066,27.4831920199501,41.51,40.85,16.8337317694425,0.738154613466334
240,420,747813.693909765,4309268.60032851,19,34.6883272536016,25.1229323308271,40.7,39.35,16.6452883964785,0.716791979949875
260,420,747833.716844388,4309269.22799012,13,36.8570079322828,21.27365,39.4,38.36,17.1911433943619,0.6125
280,420,747853.73977901,4309269.85565174,12,15.7211972270022,21.6441396508728,37.07,35.22,13.4147788584251,0.765586034912718
300,420,747873.762713632,4309270.48331335,11,21.9132763472277,24.05725,36.76,35.962,12.6414897300114,0.8425
320,420,747893.785648255,4309271.11097496,9,14.5561179564644,26.78463840399,38.21,37.11,13.1850868192599,0.827930174563591
340,420,747913.808582877,4309271.73863657,6,36.842026462316,24.6032330827068,39.18,37.069,13.2093494117887,0.819548872180451
360,420,747933.8315175,4309272.36629819,14,38.80422596384,20.9802261306533,36.68,35.2,12.7294708812264,0.884422110552764
380,420,747953.854452122,4309272.9939598,14,35.6434892300174,16.464925,35.24,34.131,13.4079757805085,0.8125
0,440,747572.79374887,4309281.01043738,11,15.2366851000023,24.6920448877806,37.72,36.11,12.3590427949732,0.837905236907731
20,440,747592.816683493,4309281.63809899,16,17.0311235538246,25.3104260651629,36.3,35.46,11.5564064361509,0.857142857142857
40,440,747612.839618115,4309282.2657606,14,37.6519486833655,27.7961403508772,36.64,36.074,8.86999805342083,0.932330827067669
60,440,747632.862552737,4309282.89342222,11,16.7291183250442,25.09575,39.35,37.144,12.0223675389085,0.8625
80,440,747652.88548736,4309283.52108383,12,29.1535282213693,20.0582205513784,38.29,35.531,13.3585814773468,0.729323308270677
100,440,747672.908421982,4309284.14874544,12,35.9693705629651,31.229,38.87,38.3015,10.1062886449695,0.9175
120,440,747692.931356604,4309284.77640705,10,15.5504909361878,29.423709273183,41.01,39.63,12.4047589050797,0.87468671679198
140,440,747712.954291227,4309285.40406866,8,26.3635975954407,29.7377386934673,41.2,40.2705,13.9402431201514,0.834170854271357
160,440,747732.977225849,4309286.03173028,12,31.9882854474738,30.5984,40.95,40.1625,13.7433767302608,0.84
180,440,747753.000160471,4309286.65939189,12,52.4506564975492,34.2730653266332,43.39,42.4295,12.479967228157,0.889447236180904
200,440,747773.023095094,4309287.2870535,14,25.2001872960001,33.2368671679198,42.45,41.75,13.473533164675,0.87218045112782
220,440,747793.046029716,4309287.91471511,21,34.8597600377171,30.656125,42.72,41.9,15.8914569421351,0.8
240,440,747813.068964338,4309288.54237673,15,35.4069862080643,29.6194987468672,42.52,41.82,16.706499961217,0.771929824561403
260,440,747833.091898961,4309289.17003834,7,23.9910864584038,25.09965,41.77,40.19,16.5183299985911,0.7075
280,440,747853.114833583,4309289.79769995,15,32.9592339269739,23.379298245614,40.17,38.52,15.5120417322248,0.716791979949875
300,440,747873.137768205,4309290.42536156,9,48.5031078836351,22.5766666666667,37.18,36.225,14.8797146378952,0.744360902255639
320,440,747893.160702828,4309291.05302318,14,34.7620761411446,26.281875,38.49,37.4935,14.1692286075392,0.7875
340,440,747913.18363745,4309291.68068479,9,27.6531232049689,19.9965162907268,36.98,35.977,12.3251401021163,0.807017543859649
360,440,747933.206572073,4309292.3083464,9,15.7585625446258,18.65935,36.86,35.77,13.0054396206671,0.8525
380,440,747953.229506695,4309292.93600801,15,33.715199294198,23.3550872817955,37,36.16,14.2036614312952,0.810473815461347
0,460,747572.168803443,4309300.95248559,12,14.8497194248964,23.7662,41.78,39.532,15.270859682697,0.75
20,460,747592.191738065,4309301.5801472,20,36.8517261296339,24.1587218045113,41.17,39.098,14.5155529002619,0.794486215538847
40,460,747612.214672688,4309302.20780882,16,39.463764071553,24.9863,37.03,36.06,11.1954883192636,0.875
60,460,747632.23760731,4309302.83547043,12,36.7551810603983,27.8960598503741,39.3,38.69,12.4943855365684,0.855361596009975
80,460,747652.260541932,4309303.46313204,10,27.0745596479022,24.64245,36.73,35.9405,11.9395622979726,0.84
100,460,747672.283476555,4309304.09079365,16,49.3897438702944,28.705536159601,38.82,37.34,8.97568193923527,0.940149625935162
120,460,747692.306411177,4309304.71845527,16,34.9164068802522,26.3338596491228,38.61,38.16,14.0423512913364,0.799498746867168
140,460,747712.329345799,4309305.34611688,13,47.9672110817949,26.616525,42.38,41.29,16.6210931052807,0.7425
160,460,747732.352280422,4309305.97377849,13,32.5382408764388,34.028753117207,42.61,42.12,13.1376828414069,0.885286783042394
180,460,747752.375215044,4309306.6014401,14,52.62744962413,29.5095989974937,43.1,41.072,15.2493362188383,0.80952380952381
200,460,747772.398149666,4309307.22910172,10,36.1438663999179,35.5589974937343,43.9,42.85,12.899079317287,0.892230576441103
220,460,747792.421084289,4309307.85676333,16,57.7798775605122,36.5093516209476,44.39,43.46,12.3703826771266,0.905236907730673
240,460,747812.444018911,4309308.48442494,12,24.2870048514179,31.9791708542714,44.31,43.72,16.3525648260104,0.819095477386935
260,460,747832.466953533,4309309.11208655,12,28.8939148584583,26.7340547263682,42.58,41.0095,15.9648143266928,0.758706467661692
280,460,747852.489888156,4309309.73974817,17,34.0527830597804,22.5031829573935,40.86,39.2,16.9789946238372,0.646616541353383
300,460,747872.512822778,4309310.36740978,10,36.4087222955696,21.7774937343358,39.42,37.21,15.170453471369,0.709273182957393
320,460,747892.5357574,4309310.99507139,16,30.2145226003029,19.3064179104478,34.97,33.3275,11.5363651685106,0.838308457711443
340,460,747912.558692023,4309311.62273301,7,18.045818711026,21.0548120300752,36.13,34.858,12.4431079348225,0.847117794486215
360,460,747932.581626645,4309312.25039462,11,16.1126004017313,22.00025,36.9,36.042,15.0861141131534,0.7325
380,460,747952.604561268,4309312.87805623,8,13.8572510357192,23.8588778054863,36.84,35.95,14.4008644527865,0.805486284289277
0,480,747571.543858016,4309320.89453381,12,37.5113624121174,26.8872319201995,42.48,39.92,12.9337163479248,0.85785536159601
20,480,747591.566792638,4309321.52219542,10,16.8284908276681,32.7090476190476,43.63,42.356,12.8728036169297,0.887218045112782
40,480,747611.58972726,4309322.14985703,14,24.6792915990808,29.9119402985075,40.51,40.0195,11.7866716948557,0.917910447761194
60,480,747631.612661883,4309322.77751865,21,52.760142643836,31.0544110275689,38.83,36.82,8.47250813288412,0.942355889724311
80,480,747651.635596505,4309323.40518026,10,11.373704233332,25.0633082706767,37.93,35.598,11.610873178298,0.87468671679198
100,480,747671.658531128,4309324.03284187,13,56.7915521466469,21.3591293532338,35.24,33.4055,10.3149314569115,0.878109452736318
120,480,747691.68146575,4309324.66050348,9,37.6266195925959,28.9175689223058,39.25,37.972,11.5220288185333,0.882205513784461
140,480,747711.704400372,4309325.2881651,15,56.2703422904623,33.9140601503759,43.38,42.06,12.493665955251,0.899749373433584
160,480,747731.727334995,4309325.91582671,9,19.8994172815062,32.0157960199005,43.13,42.279,14.8621684105491,0.840796019900497
180,480,747751.750269617,4309326.54348832,16,45.5929131639363,35.3568170426065,45.77,44.592,13.6249377719886,0.889724310776942
200,480,747771.773204239,4309327.17114993,15,45.6860024812529,36.2117412935323,45.41,44.829,14.4801862201531,0.875621890547264
220,480,747791.796138862,4309327.79881154,8,12.602852359049,35.8354385964912,45.39,44.404,14.1258630632618,0.87218045112782
240,480,747811.819073484,4309328.42647316,16,38.564502809417,36.0718045112782,44.52,43.82,12.717774044032,0.899749373433584
260,480,747831.842008106,4309329.05413477,13,27.1190328189046,28.730975,41.53,40.6045,14.9133313827496,0.805
280,480,747851.864942729,4309329.68179638,13,38.3563330262085,27.5282663316583,40.87,39.963,15.0974567481209,0.78391959798995
300,480,747871.887877351,4309330.309458,16,21.3321602461299,24.7048492462312,38.77,36.78,14.2164106525239,0.78391959798995
320,480,747891.910811974,4309330.93711961,13,12.4937998240612,17.698625,32.17,30.53,11.82924966888,0.7575
340,480,747911.933746596,4309331.56478122,14,33.984041085529,17.9555388471178,35.53,32.472,11.0083501038034,0.914786967418546
360,480,747931.956681218,4309332.19244283,13,33.310640700232,25.1040852130326,36.25,35.697,13.0743701522155,0.869674185463659
380,480,747951.979615841,4309332.82010444,7,38.2480069845219,24.994175,37.14,36.381,13.1762536013387,0.85
0,500,747570.918912589,4309340.83658202,14,31.5727312792202,24.9065,37.52,36.4015,12.1607310717942,0.8275
20,500,747590.941847211,4309341.46424364,16,54.7502826850229,30.0064572864322,40.26,39.2415,12.3029841462839,0.871859296482412
40,500,747610.964781834,4309342.09190525,14,17.334031990493,30.115075,40.53,39.53,12.5156332714265,0.8725
60,500,747630.987716456,4309342.71956686,17,30.3998176620025,25.7731909547739,39.87,37.75,12.3474690139966,0.851758793969849
80,500,747651.010651078,4309343.34722847,16,33.8686660953259,24.1374686716792,37.86,36.048,12.9553152537876,0.849624060150376
100,500,747671.0335857,4309343.97489009,17,23.5486520380079,13.804475,34.9,33.925,11.1935748095467,0.925
120,500,747691.056520323,4309344.6025517,11,29.4370765933099,29.0104010025063,39.8,38.841,8.83718174792327,0.947368421052632
140,500,747711.079454945,4309345.23021331,16,48.412472935579,35.8770927318296,43.4,42.6,11.329438709676,0.924812030075188
160,500,747731.102389568,4309345.85787492,20,36.4193055358214,28.87195,43.21,42.4735,16.7809388136113,0.76
180,500,747751.12532419,4309346.48553653,15,24.0158854054131,36.5834586466165,45.38,44.451,13.1044303209967,0.897243107769424
200,500,747771.148258812,4309347.11319815,14,33.4485958876328,33.664725,44.99,43.9805,15.6729033581388,0.84
220,500,747791.171193435,4309347.74085976,12,40.8120178287492,31.8337844611529,45.9,44.68,16.9637963290393,0.789473684210526
240,500,747811.194128057,4309348.36852137,13,31.6238606996574,32.4732330827068,44.75,43.66,14.0018750475622,0.87468671679198
260,500,747831.217062679,4309348.99618298,10,24.0806218490311,29.8995024875622,42.49,41.219,13.1697853110215,0.880597014925373
280,500,747851.239997302,4309349.6238446,14,27.8411082553781,30.6225814536341,40.86,40.055,13.1103613787019,0.87468671679198
300,500,747871.262931924,4309350.25150621,17,32.5785318022211,24.5248370927318,39.38,38.085,13.233011329826,0.847117794486215
320,500,747891.285866546,4309350.87916782,18,21.3827202528986,14.3404228855721,31.72,28.9395,10.8095061640898,0.91044776119403
340,500,747911.308801169,4309351.50682944,10,35.6095011244964,10.9684673366834,32.76,29.3255,9.41344239080615,0.881909547738693
360,500,747931.331735791,4309352.13449105,10,46.3271033670802,23.6428428927681,33.92,32.8,10.6628688164938,0.912718204488778
380,500,747951.354670414,4309352.76215266,5,19.8983373590315,19.9782456140351,33.63,32.74,11.8141609488125,0.854636591478697
0,520,747570.293967162,4309360.77863024,7,12.4425918638077,29.4209273182957,38.94,37.5,11.5832837183907,0.87719298245614
20,520,747590.316901784,4309361.40629185,12,25.7481595946025,32.0193984962406,40.12,39.259,9.24760551048136,0.942355889724311
40,520,747610.339836406,4309362.03395346,18,54.9773609290152,30.3748756218905,40.7,40.2355,13.042821842126,0.86318407960199
60,520,747630.362771029,4309362.66161508,15,22.5803935472175,23.5806015037594,39.98,38.106,14.2728712742445,0.794486215538847
80,520,747650.385705651,4309363.28927669,13,33.2448046991852,29.2306783919598,38.37,37.189,10.965225031527,0.891959798994975
100,520,747670.408640273,4309363.9169383,17,68.7631014619571,24.0393532338308,38.91,37.887,14.2712360932936,0.82089552238806
120,520,747690.431574896,4309364.54459991,10,44.7284843103469,27.6110050251256,41.45,39.69,13.6715977258625,0.85678391959799
140,520,747710.454509518,4309365.17226153,11,35.969350928011,30.877625,44.9,43.56,15.9036844491149,0.81
160,520,747730.47744414,4309365.79992314,14,59.9953090648696,36.004875,44.75,43.58,12.4530742642511,0.9
180,520,747750.500378763,4309366.42758475,16,39.8081611662028,35.6591478696742,45.68,44.48,13.7378407553292,0.882205513784461
200,520,747770.523313385,4309367.05524636,15,15.2340147462468,35.4128179551122,45.31,44.69,14.0457695335385,0.870324189526185
220,520,747790.546248007,4309367.68290798,9,39.7009346819449,31.558725,44.91,43.96,15.169511984867,0.835
240,520,747810.56918263,4309368.31056959,10,31.2993145435875,20.0247368421053,41.65,39.246,15.433940096519,0.716791979949875
260,520,747830.592117252,4309368.9382312,7,35.2365940765152,26.5154228855721,42.49,39.25,14.215358083133,0.823383084577114
280,520,747850.615051875,4309369.56589281,14,39.3853616998918,17.7568671679198,37.96,35.049,13.3312993052338,0.759398496240602
300,520,747870.637986497,4309370.19355442,15,66.0086119281518,27.1033,38.21,36.6655,10.8038793557144,0.8975
320,520,747890.660921119,4309370.82121604,11,18.0465648392812,17.8313965087282,32.74,31.66,10.1854441015052,0.940149625935162
340,520,747910.683855742,4309371.44887765,13,53.7655897376633,17.1129824561404,33.83,32.541,12.8952712643862,0.849624060150376
360,520,747930.706790364,4309372.07653926,10,11.7726472304297,19.2426932668329,35.72,33.34,12.8386493342633,0.832917705735661
380,520,747950.729724986,4309372.70420088,10,6.49969994587418,22.2951,35.39,34.92,13.2565300309377,0.8325
0,540,747569.669021735,4309380.72067845,9,21.9390570419412,29.406025,41.48,39.912,14.1156293138737,0.825
20,540,747589.691956357,4309381.34834007,25,45.6270387141359,26.4192230576441,40.19,37.849,13.0640905137952,0.822055137844611
40,540,747609.714890979,4309381.97600168,17,36.4271202475472,29.0296268656716,40.2,38.56,11.7528899660335,0.878109452736318
60,540,747629.737825601,4309382.60366329,14,68.5750771416397,30.5621052631579,38.78,38.101,10.9112724699512,0.902255639097744
80,540,747649.760760224,4309383.2313249,14,24.1817222276145,29.4341604010025,43.33,42.3,14.5972397657306,0.81453634085213
100,540,747669.783694846,4309383.85898652,8,22.6766048222337,33.1934577114428,43.85,42.856,12.6097442721069,0.895522388059702
120,540,747689.806629468,4309384.48664813,12,52.5078138488905,25.439298245614,40.62,39.76,16.1075377500916,0.7468671679198
140,540,747709.829564091,4309385.11430974,14,32.7140326203612,29.263275,43.83,42.532,15.2101218450322,0.81
160,540,747729.852498713,4309385.74197135,15,35.8242878872315,29.6203258145363,42.61,41.02,14.5350314011796,0.822055137844611
180,540,747749.875433336,4309386.36963296,14,57.2851748923422,31.1008291457286,42.92,41.94,13.610430455901,0.85427135678392
200,540,747769.898367958,4309386.99729458,15,40.4801085648975,30.871775,42.98,41.8615,14.2445001689084,0.85
220,540,747789.92130258,4309387.62495619,13,40.6714315575011,33.9163065326633,44.41,43.25,13.7384284691709,0.866834170854271
240,540,747809.944237203,4309388.2526178,12,38.5636585063913,35.1214285714286,44.88,44.044,12.7035231022869,0.912280701754386
260,540,747829.967171825,4309388.88027942,15,36.227570209182,35.23345,44.02,42.9805,11.963695148302,0.9125
280,540,747849.990106447,4309389.50794103,12,27.3959053064563,29.9399749373434,41.87,39.67,11.9287026108991,0.892230576441103
300,540,747870.01304107,4309390.13560264,9,14.5133726614214,22.280125,36.63,32.0105,10.5747689848091,0.9025
320,540,747890.035975692,4309390.76326425,17,38.2758493494144,15.6646616541353,32.11,28.981,9.48655477138358,0.924812030075188
340,540,747910.058910315,4309391.39092587,8,20.2496066876111,22.5719298245614,35.05,33.777,11.7401935785316,0.904761904761905
360,540,747930.081844937,4309392.01858748,14,62.3777751236276,24.8966,36.72,35.8015,13.8560886046007,0.805
380,540,747950.104779559,4309392.64624909,19,34.4585786558537,26.0478947368421,37.08,36.542,13.5341145392209,0.819548872180451
0,560,747569.044076307,4309400.66272667,10,17.4020278364891,32.7406015037594,41.28,40.821,12.3386645897516,0.887218045112782
20,560,747589.06701093,4309401.29038828,23,63.3130468915554,30.3165914786967,41.85,41.072,12.6562027183221,0.87719298245614
40,560,747609.089945552,4309401.91804989,9,40.4874127678171,27.5916,38.59,36.621,13.1256741443768,0.835
60,560,747629.112880174,4309402.54571151,13,22.3852417385673,27.9191228070175,41.14,39.963,13.9747593531103,0.819548872180451
80,560,747649.135814797,4309403.17337312,11,47.9003540631357,30.8981,42.1,41.242,14.907597292407,0.8175
100,560,747669.158749419,4309403.80103473,13,55.9612881131654,30.1336842105263,44.25,42.821,14.0763153552493,0.862155388471178
120,560,747689.181684041,4309404.42869634,9,45.0166272615434,31.7291478696742,43.22,42.392,12.5155873176298,0.899749373433584
140,560,747709.204618664,4309405.05635796,11,40.0098710495173,29.7915211970075,41.85,40.34,13.8643150184268,0.850374064837905
160,560,747729.227553286,4309405.68401957,8,42.5203766438632,33.711175,43.24,42.73,13.3429142533145,0.8775
180,560,747749.250487908,4309406.31168118,15,58.1771908564209,35.8738596491228,43.54,43.251,12.6717190014857,0.902255639097744
200,560,747769.273422531,4309406.93934279,11,31.5311444464683,36.9725187032419,44.37,43.69,11.5402758584998,0.925187032418953
220,560,747789.296357153,4309407.56700441,12,31.3596331225364,33.81185,44.43,43.2305,14.2585134425535,0.86
240,560,747809.319291775,4309408.19466602,6,43.2334789063199,34.0515037593985,43.43,42.486,13.7258907590732,0.87719298245614
260,560,747829.342226398,4309408.82232763,8,36.0258210559593,35.146575,43.88,43.2135,13.4749755634459,0.88
280,560,747849.36516102,4309409.44998924,15,41.0813308589782,35.0719799498747,41.62,40.75,9.56061118710273,0.944862155388471
300,560,747869.388095643,4309410.07765086,14,55.8090975840531,27.4028678304239,40.15,38.04,10.6224673219073,0.952618453865337
320,560,747889.411030265,4309410.70531247,10,32.3503736357541,18.44035,33.17,30.781,8.82445930823565,0.96
340,560,747909.433964887,4309411.33297408,12,31.944165705645,18.6136090225564,34.18,32.562,9.69902567284629,0.927318295739348
360,560,747929.45689951,4309411.96063569,13,49.1523769103617,21.5056109725686,37.1,35.38,13.1028948018474,0.815461346633416
380,560,747949.479834132,4309412.5882973,11,40.0013494794445,25.37965,37.68,36.221,13.7653420219023,0.8
0,580,747568.41913088,4309420.60477488,22,32.161936981401,26.9179949874687,41.21,39.312,12.4855077996472,0.884711779448622
20,580,747588.442065503,4309421.2324365,11,48.9218036445423,25.3691206030151,38.77,37.9815,13.9681879656365,0.801507537688442
40,580,747608.465000125,4309421.86009811,11,30.4643773910338,30.3492019950125,44.6,43.01,14.0035207666357,0.850374064837905
60,580,747628.487934747,4309422.48775972,5,11.210969733876,28.1793,41.33,40.2105,14.7105274567276,0.805
80,580,747648.51086937,4309423.11542133,13,46.8420300379576,34.5970822942643,43.02,42.37,11.4698272530893,0.920199501246883
100,580,747668.533803992,4309423.74308295,9,33.6341069338273,23.77025,39.2,36.9025,13.9366911006374,0.77
120,580,747688.556738614,4309424.37074456,7,62.0654615439526,32.3017293233083,41.82,40.83,11.1388252480434,0.917293233082707
140,580,747708.579673237,4309424.99840617,10,57.3724915331579,33.9638403990025,43.22,42.27,12.7808651199543,0.907730673316708
160,580,747728.602607859,4309425.62606778,11,42.4277389304905,32.8211,44.73,44.3325,16.3438421501976,0.8275
180,580,747748.625542481,4309426.2537294,9,53.9333115154569,30.7584210526316,44.05,42.97,13.895627480562,0.852130325814536
200,580,747768.648477104,4309426.88139101,12,59.7287252932585,31.7209975062344,44.68,43.06,10.6340787801527,0.917705735660848
220,580,747788.671411726,4309427.50905262,8,31.7120609134069,33.562425,44.2,43.19,12.5897426072445,0.89
240,580,747808.694346348,4309428.13671423,12,52.2103246595496,33.4496259351621,42.78,42.27,13.7534266133835,0.86284289276808
260,580,747828.717280971,4309428.76437585,9,32.6325475609087,32.7377944862155,42.93,41.966,12.6810004736588,0.879699248120301
280,580,747848.740215593,4309429.39203746,10,48.4712992580175,29.368725,40.37,39.401,12.3877155021732,0.8975
300,580,747868.763150215,4309430.01969907,7,36.1432184464331,24.6298503740648,39.82,37.8,13.912448417786,0.910224438902743
320,580,747888.786084838,4309430.64736068,5,33.5527789540075,26.6200502512563,39.24,36.5935,10.0410254675901,0.989949748743719
340,580,747908.80901946,4309431.2750223,7,29.9761542577118,17.0739598997494,36.65,34.938,11.4967616527829,0.962406015037594
360,580,747928.831954083,4309431.90268391,10,40.044467838615,17.967225,36.43,34.3805,11.4622237363362,0.8575
380,580,747948.854888705,4309432.53034552,9,15.1344458940821,22.8060401002506,37.32,35.231,12.3125698675015,0.81203007518797
0,600,747567.794185453,4309440.5468231,14,41.0354636062358,14.56365,33.47,29.981,11.9804195380742,0.75
20,600,747587.817120075,4309441.17448471,17,33.2038854548722,24.6054,40.93,38.231,12.0118179834765,0.8825
40,600,747607.840054698,4309441.80214632,16,34.7909787935576,25.0332080200501,42.51,40.391,13.291549199962,0.839598997493734
60,600,747627.86298932,4309442.42980794,14,31.8049538811828,32.6666582914573,43.37,42.223,12.4606781269801,0.896984924623116
80,600,747647.885923942,4309443.05746955,15,51.1853407864078,30.473075,43.52,41.639,12.8281516197511,0.8775
100,600,747667.908858565,4309443.68513116,10,26.0262690842615,25.6741959798995,41.03,38.21,13.4655425813205,0.809045226130653
120,600,747687.931793187,4309444.31279277,6,4.04234617223624,31.0790452261307,38.75,38.2345,11.3712945011863,0.92713567839196
140,600,747707.95472781,4309444.94045439,10,63.3624484360331,21.39915,42.39,41.27,15.7944601587635,0.7825
160,600,747727.977662432,4309445.568116,8,49.2307203771605,27.633007518797,42.13,41.14,15.767267744861,0.764411027568922
180,600,747748.000597054,4309446.19577761,10,45.1861750900668,31.3160902255639,42.97,41.988,14.2734609921825,0.849624060150376
200,600,747768.023531677,4309446.82343922,5,21.884903838575,25.518175,40.09,36.825,12.6886621749043,0.8175
220,600,747788.046466299,4309447.45110084,5,34.1590670662421,33.082305764411,42.73,40.9,10.574490291326,0.924812030075188
240,600,747808.069400921,4309448.07876245,8,43.9302252520238,31.543825,42.41,41.6105,13.0980478990684,0.865
260,600,747828.092335544,4309448.70642406,8,51.112809266018,31.6728320802005,43.48,42.75,14.7720136469372,0.832080200501253
280,600,747848.115270166,4309449.33408567,14,40.4304517660167,34.1369423558897,40.22,39.793,9.98909569672738,0.93984962406015
300,600,747868.138204788,4309449.96174729,9,19.433774345382,32.1767,40.59,40.1205,10.199607668999,0.955
320,600,747888.161139411,4309450.5894089,10,33.8124315868266,12.7258145363409,35.94,28.931,10.7465517562116,0.942355889724311
340,600,747908.184074033,4309451.21707051,11,21.8525061643348,11.2501754385965,26.93,24.103,7.97302545422797,0.93984962406015
360,600,747928.207008655,4309451.84473212,14,35.5443916167507,13.2368079800499,29.78,26.16,8.9489682525717,0.865336658354115
380,600,747948.229943278,4309452.47239374,13,18.0390642868208,17.4920802005013,34.22,31.649,11.3107725781734,0.847117794486215
0,620,747567.169240026,4309460.48887131,16,39.6992460758936,26.3581704260652,36.64,35.7,9.37136887996891,0.929824561403509
20,620,747587.192174648,4309461.11653293,14,42.1363758468241,21.9127182044888,34.55,33.08,12.891373621259,0.832917705735661
40,620,747607.215109271,4309461.74419454,17,33.8977454623257,22.5793483709273,34.91,34.02,12.7171566374385,0.817042606516291
60,620,747627.238043893,4309462.37185615,14,46.8626467397468,26.112975,38.28,37.37,10.3724230196044,0.9225
80,620,747647.260978515,4309462.99951776,13,34.7342534112062,22.0690024937656,38.17,36.51,12.1282725893877,0.895261845386534
100,620,747667.283913138,4309463.62717938,11,54.9626347134515,20.0827819548872,40.16,38.398,12.7765599812645,0.839598997493734
120,620,747687.30684776,4309464.25484099,9,18.5494749182587,23.6306,41.1,38.93,13.9729677667461,0.795
140,620,747707.329782382,4309464.8825026,10,42.0547140727848,23.8159600997506,39.46,37.77,14.5903711446421,0.783042394014963
160,620,747727.352717005,4309465.51016421,8,21.2774768990034,26.2509296482412,43.49,41.155,16.2471657327573,0.768844221105528
180,620,747747.375651627,4309466.13782583,8,59.5905541213628,34.4959950248756,42.62,41.578,12.2998855956391,0.900497512437811
200,620,747767.39858625,4309466.76548744,4,9.71482550251206,24.4426381909548,41.84,39.7945,15.1641133379002,0.776381909547739
220,620,747787.421520872,4309467.39314905,9,28.8726698381384,33.70855,44.88,43.9045,14.4546339456854,0.8575
240,620,747807.444455494,4309468.02081066,9,27.0736957099225,31.6665336658354,42.57,41.89,15.5416876079945,0.812967581047382
260,620,747827.467390116,4309468.64847228,8,56.7896279211466,30.5051879699248,43.24,40.165,14.194378493132,0.857142857142857
280,620,747847.490324739,4309469.27613389,8,33.6623027278932,30.506875,40.11,39.5815,13.4929225663987,0.8775
300,620,747867.513259361,4309469.9037955,9,38.6360722170566,26.4094513715711,38.53,35.72,12.1566909641668,0.942643391521197
320,620,747887.536193984,4309470.53145711,8,15.0052478962032,24.7177944862155,36.67,35.954,11.532260350505,0.959899749373434
340,620,747907.559128606,4309471.15911873,14,27.3922335700424,15.904776119403,29,27.1295,9.52640706121081,0.91044776119403
360,620,747927.582063228,4309471.78678034,12,31.5328919573819,12.9951629072682,24.93,23.252,6.82885853974195,0.967418546365915
380,620,747947.60499785,4309472.41444195,10,24.282861876106,21.7314536340852,36.73,34.628,11.1701315608935,0.889724310776942
